Id,First Name,Last Name,Email,Phone number,Age
1,Abby,Lawrence,abby.lawrence@codersee.com,111 111 111,17
2,Lacey,Miles,lacey.miles@codersee.com,222 222 222,44
3,Lucia,Tran,lucia.tran@codersee.com,333 333 333 ,23
4,Felix,Wong,felix.wong@codersee.com,444 444 444,71
5,Anisa,Cooper,anisa.cooper@codersee.com,555 555 555,63
6,Jessie,Carey,jessie.carey@codersee.com,666 666 666,29
7,Frankie,Jackson,frankie.jackson@codersee.com,777 777 777,18
8,Amber,Cunningham,amber.cunningham@codersee.com,888 888 888,38
9,Lisa,Robertson,lisa.robertson@codersee.com,999 999 999,33
